"men","women"
"Michael","Jessica"
"Christopher","Ashley"
"Matthew","Emily"
"Joshua","Sarah"
"Jacob","Samantha"
"Nicholas","Amanda"
"Andrew","Brittany"
"Daniel","Elizabeth"
"Tyler","Taylor"
"Joseph","Megan"
"Brandon","Hannah"
"David","Kayla"
"James","Lauren"
"Ryan","Stephanie"
"John","Rachel"
"Zachary","Jennifer"
"Justin","Nicole"
"William","Alexis"
"Anthony","Victoria"
"Robert","Amber"
"Jonathan","Alyssa"
"Austin","Courtney"
"Alexander","Rebecca"
"Kyle","Danielle"
"Kevin","Jasmine"
"Thomas","Brianna"
"Cody","Katherine"
"Jordan","Alexandra"
"Eric","Madison"
"Benjamin","Morgan"
"Aaron","Melissa"
"Christian","Michelle"
"Samuel","Kelsey"
"Dylan","Chelsea"
"Steven","Anna"
"Brian","Kimberly"
"Jose","Tiffany"
"Timothy","Olivia"
"Nathan","Mary"
"Adam","Christina"
"Richard","Allison"
"Patrick","Abigail"
"Charles","Sara"
"Sean","Shelby"
"Jason","Heather"
"Cameron","Haley"
"Jeremy","Maria"
"Mark","Kaitlyn"
"Stephen","Laura"
"Jesse","Erin"
"Juan","Andrea"
"Alex","Natalie"
"Travis","Jordan"
"Jeffrey","Brooke"
"Ethan","Julia"
"Caleb","Emma"
"Luis","Vanessa"
"Jared","Erica"
"Logan","Sydney"
"Hunter","Kelly"
"Trevor","Kristen"
"Bryan","Katelyn"
"Evan","Marissa"
"Paul","Amy"
"Taylor","Crystal"
"Kenneth","Paige"
"Connor","Cassandra"
"Dustin","Gabrielle"
"Noah","Katie"
"Carlos","Caitlin"
"Devin","Lindsey"
"Gabriel","Destiny"
"Ian","Kathryn"
"Nathaniel","Jacqueline"
"Gregory","Shannon"
"Derek","Jenna"
"Corey","Angela"
"Jesus","Savannah"
"Scott","Mariah"
"Bradley","Alexandria"
"Dakota","Sierra"
"Antonio","Alicia"
"Marcus","Briana"
"Blake","Miranda"
"Garrett","Jamie"
"Edward","Catherine"
"Luke","Brittney"
"Shawn","Breanna"
"Peter","Grace"
"Seth","Monica"
"Mitchell","Sabrina"
"Adrian","Madeline"
"Victor","Caroline"
"Miguel","Molly"
"Shane","Erika"
"Chase","Mackenzie"
"Isaac","Leah"
"Spencer","Diana"
"Lucas","Whitney"
"Jack","Cheyenne"
"Tanner","Bailey"
"Angel","Christine"
"Vincent","Meghan"
"Isaiah","Lindsay"
"Dalton","Angelica"
"Brett","Cynthia"
"George","Margaret"
"Alejandro","Kaitlin"
"Elijah","Alexa"
"Cory","Hailey"
"Cole","Veronica"
"Joel","Melanie"
"Erik","Bianca"
"Jake","Autumn"
"Mason","Ariel"
"Jorge","Kristin"
"Dillon","Bethany"
"Raymond","Lisa"
"Colton","Kristina"
"Ricardo","Holly"
"Casey","Leslie"
"Francisco","Casey"
"Brendan","Chloe"
"Devon","April"
"Keith","Julie"
"Colin","Claire"
"Wesley","Kaylee"
"Phillip","Brenda"
"Oscar","Kathleen"
"Julian","Rachael"
"Johnathan","Karen"
"Eduardo","Sophia"
"Chad","Patricia"
"Bryce","Gabriela"
"Donald","Kendra"
"Ronald","Dominique"
"Alec","Ana"
"Dominic","Kara"
"Grant","Desiree"
"Martin","Tara"
"Henry","Michaela"
"Mario","Brandi"
"Xavier","Carly"
"Manuel","Kylie"
"Alan","Karina"
"Derrick","Adriana"
"Frank","Valerie"
"Tristan","Caitlyn"
"Collin","Natasha"
"Omar","Hayley"
"Jeremiah","Rebekah"
"Jackson","Jocelyn"
"Troy","Cassidy"
"Edgar","Jade"
"Javier","Gabriella"
"Douglas","Makayla"
"Clayton","Daisy"
"Jonathon","Jillian"
"Nicolas","Alison"
"Andre","Audrey"
"Maxwell","Faith"
"Ivan","Angel"
"Philip","Nancy"
"Levi","Dana"
"Sergio","Krystal"
"Roberto","Alejandra"
"Darius","Ariana"
"Andres","Summer"
"Cristian","Isabella"
"Hector","Mikayla"
"Fernando","Raven"
"Drew","Katrina"
"Curtis","Kiara"
"Gary","Sandra"
"Riley","Meagan"
"Johnny","Lydia"
"Max","Kirsten"
"Dennis","Chelsey"
"Malik","Zoe"
"Wyatt","Monique"
"Cesar","Claudia"
"Edwin","Mallory"
"Gavin","Joanna"
"Preston","Deanna"
"Marco","Isabel"
"Allen","Ashlee"
"Ruben","Felicia"
"Calvin","Marisa"
"Mathew","Mercedes"
"Randy","Mckenzie"
"Brent","Jasmin"
"Jerry","Krista"
"Hayden","Yesenia"
"Alexis","Diamond"
"Parker","Evelyn"
"Brady","Cindy"
"Tony","Selena"
"Pedro","Brandy"
"Craig","Gina"
"Larry","Mia"
